{
  "capabilities":
      [
        {
          "browserName": "firefox",
          "maxInstances": 5,
          "seleniumProtocol": "WebDriver"
        },
        {
          "browserName": "chrome",
          "maxInstances": 5,
          "seleniumProtocol": "WebDriver"
        },
        {
          "platform": "WINDOWS",
          "browserName": "internet explorer",
          "maxInstances": 1,
          "seleniumProtocol": "WebDriver"
        }
      ],
  "configuration":
  {
    "proxy": "org.openqa.grid.selenium.proxy.DefaultRemoteProxy",
    "maxSession": 5,
    "port": 5555,
    "host": "localhost",
    "register": true,
    "registerCycle": 5000,
    "hubHost": "localhost",
    "hubPort": 4444
  }
}